id,first_name,last_name,address,city,state,zip,phone,email,ssn
63617,James,Butt,6649 N Blue Gum St,New Orleans,LA,70116,5046218927,jbutt@gmail.com,859876596
54436,Josephine,Darakjy,4 B Blue Ridge Blvd,Brighton,MI,48116,8102929388,josephine_darakjy@darakjy.org,671526363
41669,Art,Venere,8 W Cerritos Ave #54,Bridgeport,NJ,8014,8566368749,art@venere.org,744817168
22510,Lenna,Paprocki,639 Main St,Anchorage,AK,99501,9073854412,lpaprocki@hotmail.com,388982255
28389,Donette,Foller,34 Center St,Hamilton,OH,45011,5135701893,donette.foller@cox.net,632495285
87799,Simona,Morasca,3 Mcauley Dr,Ashland,OH,44805,4195032484,simona@morasca.com,720544993
90298,Mitsue,Tollner,7 Eads St,Chicago,IL,60632,7735736914,mitsue_tollner@yahoo.com,161434180
51542,Leota,Dilliard,7 W Jackson Blvd,San Jose,CA,95111,4087523500,leota@hotmail.com,504473378
49744,Sage,Wieser,5 Boston Ave #88,Sioux Falls,SD,57105,6054142147,sage_wieser@cox.net,517051428
41780,Kris,Marrier,228 Runamuck Pl #2808,Baltimore,MD,21224,4106558723,kris@gmail.com,232615768
95521,Minna,Amigon,2371 Jerrold Ave,Kulpsville,PA,19443,2158741229,minna_amigon@yahoo.com,281078538
35830,Abel,Maclead,37275 St  Rt 17m M,Middle Island,NY,11953,6313353414,amaclead@gmail.com,651980008
82237,Kiley,Caldarera,25 E 75th St #69,Los Angeles,CA,90034,3104985651,kiley.caldarera@aol.com,778868344
65081,Graciela,Ruta,98 Connecticut Ave Nw,Chagrin Falls,OH,44023,4407808425,gruta@cox.net,605127322
13677,Cammy,Albares,56 E Morehead St,Laredo,TX,78045,9565376195,calbares@gmail.com,777746864
97023,Mattie,Poquette,73 State Road 434 E,Phoenix,AZ,85013,6022774385,mattie@aol.com,261243456
20941,Meaghan,Garufi,69734 E Carrillo St,Mc Minnville,TN,37110,9313139635,meaghan@hotmail.com,141224709
68221,Gladys,Rim,322 New Horizon Blvd,Milwaukee,WI,53207,4146619598,gladys.rim@rim.org,563684906
42466,Yuki,Whobrey,1 State Route 27,Taylor,MI,48180,3132887937,yuki_whobrey@aol.com,919614474
13228,Fletcher,Flosi,394 Manchester Blvd,Rockford,IL,61109,8158282147,fletcher.flosi@yahoo.com,392212034
28392,Bette,Nicka,6 S 33rd St,Aston,PA,19014,6105453615,bette_nicka@cox.net,731168738
67493,Veronika,Inouye,6 Greenleaf Ave,San Jose,CA,95111,4085401785,vinouye@aol.com,952535607
18300,Willard,Kolmetz,618 W Yakima Ave,Irving,TX,75062,9723039197,willard@hotmail.com,996566462
20711,Maryann,Royster,74 S Westgate St,Albany,NY,12204,5189667987,mroyster@royster.com,213631569
42140,Alisha,Slusarski,3273 State St,Middlesex,NJ,8846,7326583154,alisha@slusarski.com,888964345
65738,Allene,Iturbide,1 Central Ave,Stevens Point,WI,54481,7156626764,allene_iturbide@cox.net,410112348
98115,Chanel,Caudy,86 Nw 66th St #8673,Shawnee,KS,66218,9133882079,chanel.caudy@caudy.org,442576064
43780,Ezekiel,Chui,2 Cedar Ave #84,Easton,MD,21601,4106691642,ezekiel@chui.com,200944645
25225,Willow,Kusko,90991 Thorburn Ave,New York,NY,10011,2125824976,wkusko@yahoo.com,789984682
77793,Bernardo,Figeroa,386 9th Ave N,Conroe,TX,77301,9363363951,bfigeroa@aol.com,329337877
73711,Ammie,Corrio,74874 Atlantic Ave,Columbus,OH,43215,6148019788,ammie@corrio.com,654729914
90235,Francine,Vocelka,366 South Dr,Las Cruces,NM,88011,5059773911,francine_vocelka@vocelka.com,924656627
97085,Ernie,Stenseth,45 E Liberty St,Ridgefield Park,NJ,7660,2017096245,ernie_stenseth@aol.com,322621873
40852,Albina,Glick,4 Ralph Ct,Dunellen,NJ,8812,7329247882,albina@glick.com,784962040
33636,Alishia,Sergi,2742 Distribution Way,New York,NY,10025,2128601579,asergi@gmail.com,124409331
37700,Solange,Shinko,426 Wolf St,Metairie,LA,70002,5049799175,solange@shinko.com,842507723
38207,Jose,Stockham,128 Bransten Rd,New York,NY,10011,2126758570,jose@yahoo.com,542147042
98470,Rozella,Ostrosky,17 Morena Blvd,Camarillo,CA,93012,8058326163,rozella.ostrosky@ostrosky.com,431930730
51202,Valentine,Gillian,775 W 17th St,San Antonio,TX,78204,2108129597,valentine_gillian@gmail.com,803102645
63085,Kati,Rulapaugh,6980 Dorsett Rd,Abilene,KS,67410,7854637829,kati.rulapaugh@hotmail.com,799020438
32939,Youlanda,Schemmer,2881 Lewis Rd,Prineville,OR,97754,5415488197,youlanda@aol.com,124593066
90693,Dyan,Oldroyd,7219 Woodfield Rd,Overland Park,KS,66204,9134134604,doldroyd@aol.com,244002563
81466,Roxane,Campain,1048 Main St,Fairbanks,AK,99708,9072314722,roxane@hotmail.com,250984673
57788,Lavera,Perin,678 3rd Ave,Miami,FL,33196,3056067291,lperin@perin.org,160880879
48289,Erick,Ferencz,20 S Babcock St,Fairbanks,AK,99712,9077411044,erick.ferencz@aol.com,825764888
62906,Fatima,Saylors,2 Lighthouse Ave,Hopkins,MN,55343,9527682416,fsaylors@saylors.org,131688413
25730,Jina,Briddick,38938 Park Blvd,Boston,MA,2128,6173995124,jina_briddick@briddick.com,245921379
69798,Kanisha,Waycott,5 Tomahawk Dr,Los Angeles,CA,90006,3234532780,kanisha_waycott@yahoo.com,233862967
64781,Emerson,Bowley,762 S Main St,Madison,WI,53711,6083367444,emerson.bowley@bowley.org,359705230
94068,Blair,Malet,209 Decker Dr,Philadelphia,PA,19132,2159079111,bmalet@yahoo.com,364476745
76456,Brock,Bolognia,4486 W O St #1,New York,NY,10003,2124029216,bbolognia@yahoo.com,559203575
57165,Lorrie,Nestle,39 S 7th St,Tullahoma,TN,37388,9318756644,lnestle@hotmail.com,782515927
73603,Sabra,Uyetake,98839 Hawthorne Blvd #6101,Columbia,SC,29201,8039255213,sabra@uyetake.org,804996460
16666,Marjory,Mastella,71 San Mateo Ave,Wayne,PA,19087,6108145533,mmastella@mastella.com,658732136
52293,Karl,Klonowski,76 Brooks St #9,Flemington,NJ,8822,9088776135,karl_klonowski@yahoo.com,529939029
14729,Tonette,Wenner,4545 Courthouse Rd,Westbury,NY,11590,5169686051,twenner@aol.com,279941739
18529,Amber,Monarrez,14288 Foster Ave #4121,Jenkintown,PA,19046,2159348655,amber_monarrez@monarrez.org,530881904
42909,Shenika,Seewald,4 Otis St,Van Nuys,CA,91405,8184234007,shenika@gmail.com,471745140
97787,Delmy,Ahle,65895 S 16th St,Providence,RI,2909,4014582547,delmy.ahle@hotmail.com,680205910
72923,Deeanna,Juhas,14302 Pennsylvania Ave,Huntingdon Valley,PA,19006,2152119589,deeanna_juhas@gmail.com,324321720
75365,Blondell,Pugh,201 Hawk Ct,Providence,RI,2904,4019608259,bpugh@aol.com,797338012
62219,Jamal,Vanausdal,53075 Sw 152nd Ter #615,Monroe Township,NJ,8831,7322341546,jamal@vanausdal.org,727812689
81227,Cecily,Hollack,59 N Groesbeck Hwy,Austin,TX,78731,5124863817,cecily@hollack.org,715010393
11225,Carmelina,Lindall,2664 Lewis Rd,Littleton,CO,80126,3037247371,carmelina_lindall@lindall.com,261980290
80852,Maurine,Yglesias,59 Shady Ln #53,Milwaukee,WI,53214,4147481374,maurine_yglesias@yglesias.com,136013986
32479,Tawna,Buvens,3305 Nabell Ave #679,New York,NY,10009,2126749610,tawna@gmail.com,927911721
82063,Penney,Weight,18 Fountain St,Anchorage,AK,99515,9077979628,penney_weight@aol.com,809216388
33687,Elly,Morocco,7 W 32nd St,Erie,PA,16502,8143935571,elly_morocco@gmail.com,977787453
68135,Ilene,Eroman,2853 S Central Expy,Glen Burnie,MD,21061,4109149018,ilene.eroman@hotmail.com,290992669
22578,Vallie,Mondella,74 W College St,Boise,ID,83707,2088625339,vmondella@mondella.com,307689773
45380,Kallie,Blackwood,701 S Harrison Rd,San Francisco,CA,94104,4153152761,kallie.blackwood@gmail.com,755912825
61844,Johnetta,Abdallah,1088 Pinehurst St,Chapel Hill,NC,27514,9192259345,johnetta_abdallah@aol.com,382896791
66799,Bobbye,Rhym,30 W 80th St #1995,San Carlos,CA,94070,6505285783,brhym@rhym.com,939702038
92163,Micaela,Rhymes,20932 Hedley St,Concord,CA,94520,9256473298,micaela_rhymes@gmail.com,877631489
47467,Tamar,Hoogland,2737 Pistorio Rd #9230,London,OH,43140,7403438575,tamar@hotmail.com,913877495
83997,Moon,Parlato,74989 Brandon St,Wellsville,NY,14895,5858668313,moon@yahoo.com,160510297
70723,Laurel,Reitler,6 Kains Ave,Baltimore,MD,21215,4105204832,laurel_reitler@reitler.com,754082885
20641,Delisa,Crupi,47565 W Grand Ave,Newark,NJ,7105,9733542040,delisa.crupi@crupi.com,261572657
29089,Viva,Toelkes,4284 Dorigo Ln,Chicago,IL,60647,7734465569,viva.toelkes@gmail.com,509519684
96915,Elza,Lipke,6794 Lake Dr E,Newark,NJ,7104,9739273447,elza@yahoo.com,298673163
58330,Devorah,Chickering,31 Douglas Blvd #950,Clovis,NM,88101,5059758559,devorah@hotmail.com,300543558
13549,Timothy,Mulqueen,44 W 4th St,Staten Island,NY,10309,7183326527,timothy_mulqueen@mulqueen.org,713485057
66823,Arlette,Honeywell,11279 Loytan St,Jacksonville,FL,32254,9047754480,ahoneywell@honeywell.com,945855135
36694,Dominque,Dickerson,69 Marquette Ave,Hayward,CA,94545,5109933758,dominque.dickerson@dickerson.org,220672514
74290,Lettie,Isenhower,70 W Main St,Beachwood,OH,44122,2166577668,lettie_isenhower@yahoo.com,451070761
21287,Myra,Munns,461 Prospect Pl #316,Euless,TX,76040,8179147518,mmunns@cox.net,687418519
26929,Stephaine,Barfield,47154 Whipple Ave Nw,Gardena,CA,90247,3107747643,stephaine@barfield.com,328398600
27335,Lai,Gato,37 Alabama Ave,Evanston,IL,60201,8477287286,lai.gato@gato.org,728510424
58362,Stephen,Emigh,3777 E Richmond St #900,Akron,OH,44302,3305375358,stephen_emigh@hotmail.com,248714354
24232,Tyra,Shields,3 Fort Worth Ave,Philadelphia,PA,19106,2152551641,tshields@gmail.com,616839897
53061,Tammara,Wardrip,4800 Black Horse Pike,Burlingame,CA,94010,6508031936,twardrip@cox.net,699661645
67483,Cory,Gibes,83649 W Belmont Ave,San Gabriel,CA,91776,6265721096,cory.gibes@gmail.com,177711575
28380,Danica,Bruschke,840 15th Ave,Waco,TX,76708,2547828569,danica_bruschke@gmail.com,108619754
46778,Wilda,Giguere,1747 Calle Amanecer #2,Anchorage,AK,99501,9078705536,wilda@cox.net,951116662
77448,Elvera,Benimadho,99385 Charity St #840,San Jose,CA,95110,4087038505,elvera.benimadho@cox.net,443715868
33617,Carma,Vanheusen,68556 Central Hwy,San Leandro,CA,94577,5105037169,carma@cox.net,892291743
90105,Malinda,Hochard,55 Riverside Ave,Indianapolis,IN,46202,3177225066,malinda.hochard@yahoo.com,686350429
83896,Natalie,Fern,7140 University Ave,Rock Springs,WY,82901,3077048713,natalie.fern@hotmail.com,665859251
76696,Lisha,Centini,64 5th Ave #1153,Mc Lean,VA,22102,7032353937,lisha@centini.org,762488161
59264,Arlene,Klusman,3 Secor Rd,New Orleans,LA,70112,5047105840,arlene_klusman@gmail.com,593673626
94970,Alease,Buemi,4 Webbs Chapel Rd,Boulder,CO,80303,3033014946,alease@buemi.com,235845036
67993,Louisa,Cronauer,524 Louisiana Ave Nw,San Leandro,CA,94577,5108287047,louisa@cronauer.com,551750250
34684,Angella,Cetta,185 Blackstone Bldge,Honolulu,HI,96817,8088927943,angella.cetta@hotmail.com,970212152
35787,Cyndy,Goldammer,170 Wyoming Ave,Burnsville,MN,55337,9523349408,cgoldammer@cox.net,878565602
83554,Rosio,Cork,4 10th St W,High Point,NC,27263,3362435659,rosio.cork@gmail.com,843058130
54223,Celeste,Korando,7 W Pinhook Rd,Lynbrook,NY,11563,5165092347,ckorando@hotmail.com,169541599
34652,Twana,Felger,1 Commerce Way,Portland,OR,97224,5039393153,twana.felger@felger.org,658200561
92450,Estrella,Samu,64 Lakeview Ave,Beloit,WI,53511,6089767199,estrella@aol.com,178911858
52703,Donte,Kines,3 Aspen St,Worcester,MA,1602,5084298576,dkines@hotmail.com,988897772
13094,Tiffiny,Steffensmeier,32860 Sierra Rd,Miami,FL,33133,3053859695,tiffiny_steffensmeier@cox.net,398513427
73648,Edna,Miceli,555 Main St,Erie,PA,16502,8144602655,emiceli@miceli.org,966366797
68901,Sue,Kownacki,2 Se 3rd Ave,Mesquite,TX,75149,9726663413,sue@aol.com,132460243
85110,Jesusa,Shin,2239 Shawnee Mission Pky,Tullahoma,TN,37388,9312738709,jshin@shin.com,329348766
16409,Rolland,Francescon,2726 Charcot Ave,Paterson,NJ,7501,9736492922,rolland@cox.net,541959270
59164,Pamella,Schmierer,5161 Dorsett Rd,Homestead,FL,33030,3054208970,pamella.schmierer@schmierer.org,105124014
74988,Glory,Kulzer,55892 Jacksonville Rd,Owings Mills,MD,21117,4102249462,gkulzer@kulzer.org,145217233
78059,Shawna,Palaspas,5 N Cleveland Massillon Rd,Thousand Oaks,CA,91362,8052753566,shawna_palaspas@palaspas.org,131148251
44235,Brandon,Callaro,7 Benton Dr,Honolulu,HI,96819,8082156832,brandon_callaro@hotmail.com,226072742
75587,Scarlet,Cartan,9390 S Howell Ave,Albany,GA,31701,2297353378,scarlet.cartan@yahoo.com,933169524
77334,Oretha,Menter,8 County Center Dr #647,Boston,MA,2210,6174185043,oretha_menter@yahoo.com,709470640
95916,Ty,Smith,4646 Kaahumanu St,Hackensack,NJ,7601,2016721553,tsmith@aol.com,396157767
50670,Xuan,Rochin,2 Monroe St,San Mateo,CA,94403,6509335072,xuan@gmail.com,520750017
99260,Lindsey,Dilello,52777 Leaders Heights Rd,Ontario,CA,91761,9096399887,lindsey.dilello@hotmail.com,656148060
76283,Devora,Perez,72868 Blackington Ave,Oakland,CA,94606,5109553016,devora_perez@perez.org,272473335
64588,Herman,Demesa,9 Norristown Rd,Troy,NY,12180,5184972940,hdemesa@cox.net,771144916
82922,Rory,Papasergi,83 County Road 437 #8581,Clarks Summit,PA,18411,5708677489,rpapasergi@cox.net,544195888
97673,Talia,Riopelle,1 N Harlem Ave #9,Orange,NJ,7050,9732452133,talia_riopelle@aol.com,771136223
58422,Van,Shire,90131 J St,Pittstown,NJ,8867,9084092890,van.shire@shire.com,974770460
70202,Lucina,Lary,8597 W National Ave,Cocoa,FL,32922,3217494981,lucina_lary@cox.net,370695046
20769,Bok,Isaacs,6 Gilson St,Bronx,NY,10468,7188093762,bok.isaacs@aol.com,245282160
41013,Rolande,Spickerman,65 W Maple Ave,Pearl City,HI,96782,8083153077,rolande.spickerman@spickerman.com,765966935
44315,Howard,Paulas,866 34th Ave,Denver,CO,80231,3036234241,hpaulas@gmail.com,679862038
62180,Kimbery,Madarang,798 Lund Farm Way,Rockaway,NJ,7866,9733101634,kimbery_madarang@cox.net,130839724
14949,Thurman,Manno,9387 Charcot Ave,Absecon,NJ,8201,6095243586,thurman.manno@yahoo.com,680590902
36037,Becky,Mirafuentes,30553 Washington Rd,Plainfield,NJ,7062,9088778409,becky.mirafuentes@mirafuentes.com,629903954
90259,Beatriz,Corrington,481 W Lemon St,Middleboro,MA,2346,5085844279,beatriz@yahoo.com,436322826
59631,Marti,Maybury,4 Warehouse Point Rd #7,Chicago,IL,60638,7737754522,marti.maybury@yahoo.com,910023873
65043,Nieves,Gotter,4940 Pulaski Park Dr,Portland,OR,97202,5035275274,nieves_gotter@gmail.com,536402074
98794,Leatha,Hagele,627 Walford Ave,Dallas,TX,75227,2143391809,lhagele@cox.net,470324723
70313,Valentin,Klimek,137 Pioneer Way,Chicago,IL,60604,3123035453,vklimek@klimek.org,984767366
72802,Melissa,Wiklund,61 13 Stoneridge #835,Findlay,OH,45840,4199393613,melissa@cox.net,138023508
58316,Sheridan,Zane,2409 Alabama Rd,Riverside,CA,92501,9516453605,sheridan.zane@zane.com,476875542
85974,Bulah,Padilla,8927 Vandever Ave,Waco,TX,76707,2544634368,bulah_padilla@hotmail.com,532021925
16956,Audra,Kohnert,134 Lewis Rd,Nashville,TN,37211,6154067854,audra@kohnert.com,964161273
27645,Daren,Weirather,9 N College Ave #3,Milwaukee,WI,53216,4149592540,dweirather@aol.com,240203512
52518,Fernanda,Jillson,60480 Old Us Highway 51,Preston,MD,21655,4103875260,fjillson@aol.com,560078614
78693,Gearldine,Gellinger,4 Bloomfield Ave,Irving,TX,75061,9729346914,gearldine_gellinger@gellinger.com,617728639
35247,Chau,Kitzman,429 Tiger Ln,Beverly Hills,CA,90212,3105608022,chau@gmail.com,668775155
38552,Theola,Frey,54169 N Main St,Massapequa,NY,11758,5169485768,theola_frey@frey.com,716341244
18281,Cheryl,Haroldson,92 Main St,Atlantic City,NJ,8401,6095187697,cheryl@haroldson.org,541103402
86175,Laticia,Merced,72 Mannix Dr,Cincinnati,OH,45203,5135087371,lmerced@gmail.com,931110849
59350,Carissa,Batman,12270 Caton Center Dr,Eugene,OR,97401,5413264074,carissa.batman@yahoo.com,502710282
32753,Lezlie,Craghead,749 W 18th St #45,Smithfield,NC,27577,9195333762,lezlie.craghead@craghead.org,827269319
81127,Ozell,Shealy,8 Industry Ln,New York,NY,10002,2123328435,oshealy@hotmail.com,824726333
48923,Arminda,Parvis,1 Huntwood Ave,Phoenix,AZ,85017,6029069419,arminda@parvis.com,491511126
85266,Reita,Leto,55262 N French Rd,Indianapolis,IN,46240,3172341135,reita.leto@gmail.com,772379473
33580,Yolando,Luczki,422 E 21st St,Syracuse,NY,13214,3153044759,yolando@cox.net,218178222
21013,Lizette,Stem,501 N 19th Ave,Cherry Hill,NJ,8002,8564875412,lizette.stem@aol.com,653732970
31961,Gregoria,Pawlowicz,455 N Main Ave,Garden City,NY,11530,5162121915,gpawlowicz@yahoo.com,191953324
48554,Carin,Deleo,1844 Southern Blvd,Little Rock,AR,72202,5013081040,cdeleo@deleo.com,435087487
88068,Chantell,Maynerich,2023 Greg St,Saint Paul,MN,55101,6515912583,chantell@yahoo.com,437242027
76253,Dierdre,Yum,63381 Jenks Ave,Philadelphia,PA,19134,2153253042,dyum@yahoo.com,595904321
59777,Larae,Gudroe,6651 Municipal Rd,Houma,LA,70360,9858907262,larae_gudroe@gmail.com,289217019
48758,Latrice,Tolfree,81 Norris Ave #525,Ronkonkoma,NY,11779,6319577624,latrice.tolfree@hotmail.com,478687474
87953,Kerry,Theodorov,6916 W Main St,Sacramento,CA,95827,9165913277,kerry.theodorov@gmail.com,208890901
58598,Dorthy,Hidvegi,9635 S Main St,Boise,ID,83704,2086492373,dhidvegi@yahoo.com,901119906
61793,Fannie,Lungren,17 Us Highway 111,Round Rock,TX,78664,5125875746,fannie.lungren@yahoo.com,124282464
68335,Evangelina,Radde,992 Civic Center Dr,Philadelphia,PA,19123,2159643284,evangelina@aol.com,368874348
60465,Novella,Degroot,303 N Radcliffe St,Hilo,HI,96720,8084774775,novella_degroot@degroot.org,433118613
12117,Clay,Hoa,73 Saint Ann St #86,Reno,NV,89502,7755018109,choa@hoa.org,804590876
36960,Jennifer,Fallick,44 58th St,Wheeling,IL,60090,8479799545,jfallick@yahoo.com,600524834
60466,Irma,Wolfgramm,9745 W Main St,Randolph,NJ,7869,9735457355,irma.wolfgramm@hotmail.com,711121631
34969,Eun,Coody,84 Bloomfield Ave,Spartanburg,SC,29301,8642563620,eun@yahoo.com,874345947
87795,Sylvia,Cousey,287 Youngstown Warren Rd,Hampstead,MD,21074,4102099545,sylvia_cousey@cousey.org,405342797
82161,Nana,Wrinkles,6 Van Buren St,Mount Vernon,NY,10553,9148552115,nana@aol.com,451783568
42246,Layla,Springe,229 N Forty Driv,New York,NY,10011,2122603151,layla.springe@cox.net,252371442
14873,Joesph,Degonia,2887 Knowlton St #5435,Berkeley,CA,94710,5106779785,joesph_degonia@degonia.org,191938205
94974,Annabelle,Boord,523 Marquette Ave,Concord,MA,1742,9786976263,annabelle.boord@cox.net,488667960
66811,Stephaine,Vinning,3717 Hamann Industrial Pky,San Francisco,CA,94104,4157676596,stephaine@cox.net,558737980
21543,Nelida,Sawchuk,3 State Route 35 S,Paramus,NJ,7652,2019711638,nelida@gmail.com,314711157
65749,Marguerita,Hiatt,82 N Highway 67,Oakley,CA,94561,9256347158,marguerita.hiatt@gmail.com,238305270
70366,Carmela,Cookey,9 Murfreesboro Rd,Chicago,IL,60623,7734944195,ccookey@cookey.org,806602546
32383,Junita,Brideau,6 S Broadway St,Cedar Grove,NJ,7009,9739433423,jbrideau@aol.com,421845776
40450,Claribel,Varriano,6 Harry L Dr #6327,Perrysburg,OH,43551,4195444900,claribel_varriano@cox.net,271206246
69078,Benton,Skursky,47939 Porter Ave,Gardena,CA,90248,3105792907,benton.skursky@aol.com,513832930
43514,Hillary,Skulski,9 Wales Rd Ne #914,Homosassa,FL,34448,3522422570,hillary.skulski@aol.com,818371323
73114,Merilyn,Bayless,195 13n N,Santa Clara,CA,95054,4087585015,merilyn_bayless@cox.net,463514143
63636,Teri,Ennaco,99 Tank Farm Rd,Hazleton,PA,18201,5708895187,tennaco@gmail.com,873406907
98426,Merlyn,Lawler,4671 Alemany Blvd,Jersey City,NJ,7304,2015887810,merlyn_lawler@hotmail.com,471341679
56938,Georgene,Montezuma,98 University Dr,San Ramon,CA,94583,9256155185,gmontezuma@cox.net,603387354
59832,Jettie,Mconnell,50 E Wacker Dr,Bridgewater,NJ,8807,9088023564,jmconnell@hotmail.com,337145808
18484,Lemuel,Latzke,70 Euclid Ave #722,Bohemia,NY,11716,6317486479,lemuel.latzke@gmail.com,911020921
64038,Melodie,Knipp,326 E Main St #6496,Thousand Oaks,CA,91362,8056901682,mknipp@gmail.com,613951651
80162,Candida,Corbley,406 Main St,Somerville,NJ,8876,9082758357,candida_corbley@hotmail.com,653387633
60142,Karan,Karpin,3 Elmwood Dr,Beaverton,OR,97005,5039408327,karan_karpin@gmail.com,556414238
26585,Andra,Scheyer,9 Church St,Salem,OR,97302,5035162189,andra@gmail.com,577022516
52716,Felicidad,Poullion,9939 N 14th St,Riverton,NJ,8077,8563059731,fpoullion@poullion.com,648262941
35777,Belen,Strassner,5384 Southwyck Blvd,Douglasville,GA,30135,7705078791,belen_strassner@aol.com,567780188
78120,Gracia,Melnyk,97 Airport Loop Dr,Jacksonville,FL,32216,9042353633,gracia@melnyk.com,303192925
46583,Jolanda,Hanafan,37855 Nolan Rd,Bangor,ME,4401,2074589196,jhanafan@gmail.com,507720260
10922,Barrett,Toyama,4252 N Washington Ave #9,Kennedale,TX,76060,8177655781,barrett.toyama@toyama.org,728988262
28778,Helga,Fredicks,42754 S Ash Ave,Buffalo,NY,14228,7167524114,helga_fredicks@yahoo.com,560170331
85996,Ashlyn,Pinilla,703 Beville Rd,Opa Locka,FL,33054,3056709628,apinilla@cox.net,777124855
92384,Fausto,Agramonte,5 Harrison Rd,New York,NY,10038,2123131783,fausto_agramonte@yahoo.com,247686361
56250,Ronny,Caiafa,73 Southern Blvd,Philadelphia,PA,19103,2156057570,ronny.caiafa@caiafa.org,137162435
69372,Marge,Limmel,189 Village Park Rd,Crestview,FL,32536,8504301663,marge@gmail.com,500996843
95274,Norah,Waymire,6 Middlegate Rd #106,San Francisco,CA,94107,4153067897,norah.waymire@gmail.com,703508485
40148,Aliza,Baltimore,1128 Delaware St,San Jose,CA,95132,4085043552,aliza@aol.com,334202233
31498,Mozell,Pelkowski,577 Parade St,South San Francisco,CA,94080,6509471215,mpelkowski@pelkowski.org,614168832
55802,Viola,Bitsuie,70 Mechanic St,Northridge,CA,91325,8188644875,viola@gmail.com,983511374
80092,Franklyn,Emard,4379 Highway 116,Philadelphia,PA,19103,2155588189,femard@emard.com,238510316
20607,Willodean,Konopacki,55 Hawthorne Blvd,Lafayette,LA,70506,3372538384,willodean_konopacki@konopacki.org,535769751
54351,Beckie,Silvestrini,7116 Western Ave,Dearborn,MI,48126,3135334884,beckie.silvestrini@silvestrini.com,794519389
81670,Rebecka,Gesick,2026 N Plankinton Ave #3,Austin,TX,78754,5122138574,rgesick@gesick.org,125225087
74979,Frederica,Blunk,99586 Main St,Dallas,TX,75207,2144282285,frederica_blunk@gmail.com,948864892
23398,Glen,Bartolet,8739 Hudson St,Vashon,WA,98070,2066975796,glen_bartolet@hotmail.com,681330524
98483,Freeman,Gochal,383 Gunderman Rd #197,Coatesville,PA,19320,6104763501,freeman_gochal@aol.com,496113705
31886,Vincent,Meinerding,4441 Point Term Mkt,Philadelphia,PA,19143,2153721718,vincent.meinerding@hotmail.com,497662186
40971,Rima,Bevelacqua,2972 Lafayette Ave,Gardena,CA,90248,3108585079,rima@cox.net,105119956
99744,Glendora,Sarbacher,2140 Diamond Blvd,Rohnert Park,CA,94928,7076538214,gsarbacher@gmail.com,948991756
90850,Avery,Steier,93 Redmond Rd #492,Orlando,FL,32803,4078089439,avery@cox.net,745925692
63076,Cristy,Lother,3989 Portage Tr,Escondido,CA,92025,7609714322,cristy@lother.com,205323319
29201,Nicolette,Brossart,1 Midway Rd,Westborough,MA,1581,5088379230,nicolette_brossart@brossart.com,469852457
87257,Tracey,Modzelewski,77132 Coon Rapids Blvd Nw,Conroe,TX,77301,9362649294,tracey@hotmail.com,538091827
12310,Virgina,Tegarden,755 Harbor Way,Milwaukee,WI,53226,4142148697,virgina_tegarden@tegarden.com,579668242
27340,Tiera,Frankel,87 Sierra Rd,El Monte,CA,91731,6266364117,tfrankel@aol.com,756530899
34898,Alaine,Bergesen,7667 S Hulen St #42,Yonkers,NY,10701,9143009193,alaine_bergesen@cox.net,540366476
21406,Earleen,Mai,75684 S Withlapopka Dr #32,Dallas,TX,75227,2142891973,earleen_mai@cox.net,262063105
22937,Leonida,Gobern,5 Elmwood Park Blvd,Biloxi,MS,39530,2282355615,leonida@gobern.org,440744190
55650,Ressie,Auffrey,23 Palo Alto Sq,Miami,FL,33134,3056048981,ressie.auffrey@yahoo.com,720356026
81114,Justine,Mugnolo,38062 E Main St,New York,NY,10048,2123049225,jmugnolo@yahoo.com,468566531
65114,Eladia,Saulter,3958 S Dupont Hwy #7,Ramsey,NJ,7446,2014744924,eladia@saulter.com,386257222
89037,Chaya,Malvin,560 Civic Center Dr,Ann Arbor,MI,48103,7349285182,chaya@malvin.com,638896352
63170,Gwenn,Suffield,3270 Dequindre Rd,Deer Park,NY,11729,6312586558,gwenn_suffield@suffield.org,934421871
98266,Salena,Karpel,1 Garfield Ave #7,Canton,OH,44707,3307918557,skarpel@cox.net,436141183
50894,Yoko,Fishburne,9122 Carpenter Ave,New Haven,CT,6511,2035064706,yoko@fishburne.com,420865538
83763,Taryn,Moyd,48 Lenox St,Fairfax,VA,22030,7033224041,taryn.moyd@hotmail.com,473349162
66905,Katina,Polidori,5 Little River Tpke,Wilmington,MA,1887,9786262978,katina_polidori@aol.com,822282853
23755,Rickie,Plumer,3 N Groesbeck Hwy,Toledo,OH,43613,4196931334,rickie.plumer@aol.com,178327167
12319,Alex,Loader,37 N Elm St #916,Tacoma,WA,98409,2536607821,alex@loader.com,801123543
19656,Lashon,Vizarro,433 Westminster Blvd #590,Roseville,CA,95661,9167417884,lashon@aol.com,580426036
10661,Lauran,Burnard,66697 Park Pl #3224,Riverton,WY,82501,3073427795,lburnard@burnard.com,389030602
27891,Ceola,Setter,96263 Greenwood Pl,Warren,ME,4864,2076277565,ceola.setter@setter.org,421789668
29711,My,Rantanen,8 Mcarthur Ln,Richboro,PA,18954,2154915633,my@hotmail.com,894727053
35785,Lorrine,Worlds,8 Fair Lawn Ave,Tampa,FL,33614,8137692939,lorrine.worlds@worlds.com,824281047
98124,Peggie,Sturiale,9 N 14th St,El Cajon,CA,92020,6196081763,peggie@cox.net,235994180
33124,Marvel,Raymo,9 Vanowen St,College Station,TX,77840,9797188968,mraymo@yahoo.com,815462637
88721,Daron,Dinos,18 Waterloo Geneva Rd,Highland Park,IL,60035,8472333075,daron_dinos@cox.net,774907647
89407,An,Fritz,506 S Hacienda Dr,Atlantic City,NJ,8401,6092285265,an_fritz@hotmail.com,191651087
55688,Portia,Stimmel,3732 Sherman Ave,Bridgewater,NJ,8807,9087227128,portia.stimmel@aol.com,127870939
62342,Rhea,Aredondo,25657 Live Oak St,Brooklyn,NY,11226,7185609537,rhea_aredondo@cox.net,837280660
82261,Benedict,Sama,4923 Carey Ave,Saint Louis,MO,63104,3147871588,bsama@cox.net,391373280
64533,Alyce,Arias,3196 S Rider Trl,Stockton,CA,95207,2093171801,alyce@arias.org,978117138
97888,Heike,Berganza,3 Railway Ave #75,Little Falls,NJ,7424,9739365095,heike@gmail.com,961299159
59931,Carey,Dopico,87393 E Highland Rd,Indianapolis,IN,46220,3175782453,carey_dopico@dopico.org,497760341
28544,Dottie,Hellickson,67 E Chestnut Hill Rd,Seattle,WA,98133,2065406076,dottie@hellickson.org,850829857
74080,Deandrea,Hughey,33 Lewis Rd #46,Burlington,NC,27215,3368227652,deandrea@yahoo.com,463200158
23433,Kimberlie,Duenas,8100 Jacksonville Rd #7,Hays,KS,67601,7856298542,kimberlie_duenas@yahoo.com,888284538
73354,Martina,Staback,7 W Wabansia Ave #227,Orlando,FL,32822,4074716908,martina_staback@staback.com,870215966
41422,Skye,Fillingim,25 Minters Chapel Rd #9,Minneapolis,MN,55401,6125082655,skye_fillingim@yahoo.com,147366658
13769,Jade,Farrar,6882 Torresdale Ave,Columbia,SC,29201,8033525387,jade.farrar@yahoo.com,973885584
66490,Charlene,Hamilton,985 E 6th Ave,Santa Rosa,CA,95407,7073001771,charlene.hamilton@hotmail.com,188950567
32044,Geoffrey,Acey,7 West Ave #1,Palatine,IL,60067,8472221734,geoffrey@gmail.com,758838438
69034,Stevie,Westerbeck,26659 N 13th St,Costa Mesa,CA,92626,9498674077,stevie.westerbeck@yahoo.com,580877360
52940,Pamella,Fortino,669 Packerland Dr #1438,Denver,CO,80212,3034042210,pamella@fortino.com,883182781
11263,Harrison,Haufler,759 Eldora St,New Haven,CT,6515,2038016193,hhaufler@hotmail.com,441754199
91842,Johnna,Engelberg,5 S Colorado Blvd #449,Bothell,WA,98021,4259867573,jengelberg@engelberg.org,953911393
90755,Buddy,Cloney,944 Gaither Dr,Strongsville,OH,44136,4409895826,buddy.cloney@yahoo.com,441475465
48665,Dalene,Riden,66552 Malone Rd,Plaistow,NH,3865,6033156839,dalene.riden@aol.com,601486031
59241,Jerry,Zurcher,77 Massillon Rd #822,Satellite Beach,FL,32937,3215185938,jzurcher@zurcher.org,391861697
82502,Haydee,Denooyer,25346 New Rd,New York,NY,10016,2127928658,hdenooyer@denooyer.org,352155525
84312,Joseph,Cryer,60 Fillmore Ave,Huntington Beach,CA,92647,7145842237,joseph_cryer@cox.net,226332360
20684,Deonna,Kippley,57 Haven Ave #90,Southfield,MI,48075,2489134677,deonna_kippley@hotmail.com,929241124
43258,Raymon,Calvaresi,6538 E Pomona St #60,Indianapolis,IN,46222,3178254724,raymon.calvaresi@gmail.com,370340121
62771,Alecia,Bubash,6535 Joyce St,Wichita Falls,TX,76301,9402767922,alecia@aol.com,291578755
44417,Ma,Layous,78112 Morris Ave,North Haven,CT,6473,2037213388,mlayous@hotmail.com,744881022
18512,Detra,Coyier,96950 Hidden Ln,Aberdeen,MD,21001,4107399277,detra@aol.com,578198667
64100,Terrilyn,Rodeigues,3718 S Main St,New Orleans,LA,70130,5044634384,terrilyn.rodeigues@cox.net,134416166
47083,Salome,Lacovara,9677 Commerce Dr,Richmond,VA,23219,8045505097,slacovara@gmail.com,825285791
73242,Garry,Keetch,5 Green Pond Rd #4,Southampton,PA,18966,2159798776,garry_keetch@hotmail.com,677332732
63527,Matthew,Neither,636 Commerce Dr #42,Shakopee,MN,55379,9526517597,mneither@yahoo.com,678374125
65084,Theodora,Restrepo,42744 Hamann Industrial Pky #82,Miami,FL,33136,3059368226,theodora.restrepo@restrepo.com,959106349
15130,Noah,Kalafatis,1950 5th Ave,Milwaukee,WI,53209,4142635287,noah.kalafatis@aol.com,633487759
18545,Carmen,Sweigard,61304 N French Rd,Somerset,NJ,8873,7329412621,csweigard@sweigard.com,697933185
67573,Lavonda,Hengel,87 Imperial Ct #79,Fargo,ND,58102,7018982154,lavonda@cox.net,980906717
91910,Junita,Stoltzman,94 W Dodge Rd,Carson City,NV,89701,7756389963,junita@aol.com,583685563
18229,Herminia,Nicolozakes,4 58th St #3519,Scottsdale,AZ,85254,6029545141,herminia@nicolozakes.org,124671880
25362,Casie,Good,5221 Bear Valley Rd,Nashville,TN,37211,6153902251,casie.good@aol.com,751472010
85624,Reena,Maisto,9648 S Main,Salisbury,MD,21801,4103511863,reena@hotmail.com,858354078
65361,Mirta,Mallett,7 S San Marcos Rd,New York,NY,10004,2128701286,mirta_mallett@gmail.com,372127399
27474,Cathrine,Pontoriero,812 S Haven St,Amarillo,TX,79109,8067031435,cathrine.pontoriero@pontoriero.com,233159904
93392,Filiberto,Tawil,3882 W Congress St #799,Los Angeles,CA,90016,3237652528,ftawil@hotmail.com,673443207
36847,Raul,Upthegrove,4 E Colonial Dr,La Mesa,CA,91942,6195095282,rupthegrove@yahoo.com,184229487
52387,Sarah,Candlish,45 2nd Ave #9759,Atlanta,GA,30328,7707321194,sarah.candlish@gmail.com,228497933
21918,Lucy,Treston,57254 Brickell Ave #372,Worcester,MA,1602,5087695250,lucy@cox.net,312413390
60846,Judy,Aquas,8977 Connecticut Ave Nw #3,Niles,MI,49120,2697567222,jaquas@aquas.com,311280082
72609,Yvonne,Tjepkema,9 Waydell St,Fairfield,NJ,7004,9737141721,yvonne.tjepkema@hotmail.com,138448432
42875,Kayleigh,Lace,43 Huey P Long Ave,Lafayette,LA,70508,3377409323,kayleigh.lace@yahoo.com,324211203
35083,Felix,Hirpara,7563 Cornwall Rd #4462,Denver,PA,17517,7174915643,felix_hirpara@cox.net,456967103
56569,Tresa,Sweely,22 Bridle Ln,Valley Park,MO,63088,3143599566,tresa_sweely@hotmail.com,426989525
34925,Kristeen,Turinetti,70099 E North Ave,Arlington,TX,76013,8172138851,kristeen@gmail.com,267655776
32030,Jenelle,Regusters,3211 E Northeast Loop,Tampa,FL,33619,8139328715,jregusters@regusters.com,102891261
45337,Renea,Monterrubio,26 Montgomery St,Atlanta,GA,30328,7706794752,renea@hotmail.com,272320118
90996,Olive,Matuszak,13252 Lighthouse Ave,Cathedral City,CA,92234,7609386069,olive@aol.com,713863122
96271,Ligia,Reiber,206 Main St #2804,Lansing,MI,48933,5179061108,lreiber@cox.net,465865790
53666,Christiane,Eschberger,96541 W Central Blvd,Phoenix,AZ,85034,6023904944,christiane.eschberger@yahoo.com,498876097
57786,Goldie,Schirpke,34 Saint George Ave #2,Bangor,ME,4401,2072957569,goldie.schirpke@yahoo.com,931851923
12484,Loreta,Timenez,47857 Coney Island Ave,Clinton,MD,20735,3016966420,loreta.timenez@hotmail.com,539601070
92389,Fabiola,Hauenstein,8573 Lincoln Blvd,York,PA,17404,7178093119,fabiola.hauenstein@hauenstein.org,870958636
86880,Amie,Perigo,596 Santa Maria Ave #7913,Mesquite,TX,75150,9724197946,amie.perigo@yahoo.com,117411655
33226,Raina,Brachle,3829 Ventura Blvd,Butte,MT,59701,4063181515,raina.brachle@brachle.org,973558213
11385,Erinn,Canlas,13 S Hacienda Dr,Livingston,NJ,7039,9737673008,erinn.canlas@canlas.com,936645886
22655,Cherry,Lietz,40 9th Ave Sw #91,Waterford,MI,48329,2489806904,cherry@lietz.com,576839442
27234,Kattie,Vonasek,2845 Boulder Crescent St,Cleveland,OH,44103,2169233715,kattie@vonasek.org,589710421
55082,Lilli,Scriven,33 State St,Abilene,TX,79601,3256311560,lilli@aol.com,322194837
35756,Whitley,Tomasulo,2 S 15th St,Fort Worth,TX,76107,8175264408,whitley.tomasulo@aol.com,167458282
42567,Barbra,Adkin,4 Kohler Memorial Dr,Brooklyn,NY,11230,7182013751,badkin@hotmail.com,538451763
85140,Hermila,Thyberg,1 Rancho Del Mar Shopping C,Providence,RI,2903,4018934882,hermila_thyberg@hotmail.com,193442818
52650,Jesusita,Flister,3943 N Highland Ave,Lancaster,PA,17601,7178859118,jesusita.flister@hotmail.com,550997408
29127,Caitlin,Julia,5 Williams St,Johnston,RI,2919,4019484982,caitlin.julia@julia.org,226761001
19055,Roosevelt,Hoffis,60 Old Dover Rd,Hialeah,FL,33014,3056224739,roosevelt.hoffis@aol.com,139367847
36275,Helaine,Halter,8 Sheridan Rd,Jersey City,NJ,7304,2018324168,hhalter@yahoo.com,696726001
79426,Lorean,Martabano,85092 Southern Blvd,San Antonio,TX,78204,2108564979,lorean.martabano@hotmail.com,688341715
13852,France,Buzick,64 Newman Springs Rd E,Brooklyn,NY,11219,7184788504,france.buzick@yahoo.com,729572244
75039,Justine,Ferrario,48 Stratford Ave,Pomona,CA,91768,9099933242,jferrario@hotmail.com,710021236
66248,Adelina,Nabours,80 Pittsford Victor Rd #9,Cleveland,OH,44103,2162304892,adelina_nabours@gmail.com,350631027
89630,Derick,Dhamer,87163 N Main Ave,New York,NY,10013,2123044515,ddhamer@cox.net,400361611
16642,Jerry,Dallen,393 Lafayette Ave,Richmond,VA,23219,8047629576,jerry.dallen@yahoo.com,883490255
23443,Leota,Ragel,99 5th Ave #33,Trion,GA,30753,7062214243,leota.ragel@gmail.com,354151451
77076,Jutta,Amyot,49 N Mays St,Broussard,LA,70518,3375151438,jamyot@hotmail.com,922749397
99018,Aja,Gehrett,993 Washington Ave,Nutley,NJ,7110,9735442677,aja_gehrett@hotmail.com,702744367
98851,Kirk,Herritt,88 15th Ave Ne,Vestal,NY,13850,6074073716,kirk.herritt@aol.com,695102250
28477,Leonora,Mauson,3381 E 40th Ave,Passaic,NJ,7055,9734122995,leonora@yahoo.com,412907450
99133,Winfred,Brucato,201 Ridgewood Rd,Moscow,ID,83843,2082524552,winfred_brucato@hotmail.com,813841955
33945,Tarra,Nachor,39 Moccasin Dr,San Francisco,CA,94104,4154111775,tarra.nachor@cox.net,207118754
76832,Corinne,Loder,4 Carroll St,North Attleboro,MA,2760,5089424186,corinne@loder.org,440752955
79104,Dulce,Labreche,9581 E Arapahoe Rd,Rochester,MI,48307,2483578718,dulce_labreche@yahoo.com,577908794
85136,Kate,Keneipp,33 N Michigan Ave,Green Bay,WI,54301,9203536377,kate_keneipp@yahoo.com,735556684
82790,Kaitlyn,Ogg,2 S Biscayne Blvd,Baltimore,MD,21230,4106654903,kaitlyn.ogg@gmail.com,217144325
24361,Sherita,Saras,8 Us Highway 22,Colorado Springs,CO,80937,7196691664,sherita.saras@cox.net,373602192
97618,Lashawnda,Stuer,7422 Martin Ave #8,Toledo,OH,43607,4195888719,lstuer@cox.net,285278758
14206,Ernest,Syrop,94 Chase Rd,Hyattsville,MD,20785,3019989644,ernest@cox.net,741071531
18073,Nobuko,Halsey,8139 I Hwy 10 #92,New Bedford,MA,2745,5088559887,nobuko.halsey@yahoo.com,746145638
93106,Lavonna,Wolny,5 Cabot Rd,Mc Lean,VA,22102,7034831970,lavonna.wolny@hotmail.com,589752385
44988,Lashaunda,Lizama,3387 Ryan Dr,Hanover,MD,21076,4106782473,llizama@cox.net,607335595
88820,Mariann,Bilden,3125 Packer Ave #9851,Austin,TX,78753,5122234791,mariann.bilden@aol.com,265267898
81756,Helene,Rodenberger,347 Chestnut St,Peoria,AZ,85381,6234618551,helene@aol.com,687171518
54653,Roselle,Estell,8116 Mount Vernon Ave,Bucyrus,OH,44820,4195715920,roselle.estell@hotmail.com,226098620
51571,Samira,Heintzman,8772 Old County Rd #5410,Kent,WA,98032,2063114137,sheintzman@hotmail.com,650242307
49679,Margart,Meisel,868 State St #38,Cincinnati,OH,45251,5136172362,margart_meisel@yahoo.com,729130787
27780,Kristofer,Bennick,772 W River Dr,Bloomington,IN,47404,8123681511,kristofer.bennick@yahoo.com,864629954
61707,Weldon,Acuff,73 W Barstow Ave,Arlington Heights,IL,60004,8473532156,wacuff@gmail.com,829079273
92511,Shalon,Shadrick,61047 Mayfield Ave,Brooklyn,NY,11223,7182322337,shalon@cox.net,447911665
95319,Denise,Patak,2139 Santa Rosa Ave,Orlando,FL,32801,4074464358,denise@patak.org,633777968
60542,Louvenia,Beech,598 43rd St,Beverly Hills,CA,90210,3108202117,louvenia.beech@beech.com,335107797
38867,Audry,Yaw,70295 Pioneer Ct,Brandon,FL,33511,8137974816,audry.yaw@yaw.org,241783333
25169,Kristel,Ehmann,92899 Kalakaua Ave,El Paso,TX,79925,9154521290,kristel.ehmann@aol.com,485469879
45615,Vincenza,Zepp,395 S 6th St #2,El Cajon,CA,92020,6196035125,vzepp@gmail.com,109332373
73892,Elouise,Gwalthney,9506 Edgemore Ave,Bladensburg,MD,20710,3018415012,egwalthney@yahoo.com,213077175
95018,Venita,Maillard,72119 S Walker Ave #63,Anaheim,CA,92801,7145236653,venita_maillard@gmail.com,637875028
57461,Kasandra,Semidey,369 Latham St #500,Saint Louis,MO,63102,3147329131,kasandra_semidey@semidey.com,987958369
89985,Xochitl,Discipio,3158 Runamuck Pl,Round Rock,TX,78664,5122331831,xdiscipio@gmail.com,862818522
73733,Maile,Linahan,9 Plainsboro Rd #598,Greensboro,NC,27409,3366702640,mlinahan@yahoo.com,256555709
43165,Krissy,Rauser,8728 S Broad St,Coram,NY,11727,6314434710,krauser@cox.net,837871753
26301,Pete,Dubaldi,2215 Prosperity Dr,Lyndhurst,NJ,7071,2018252514,pdubaldi@hotmail.com,637564711
18034,Linn,Paa,1 S Pine St,Memphis,TN,38112,9014124381,linn_paa@paa.com,123697323
35805,Paris,Wide,187 Market St,Atlanta,GA,30342,4045054445,paris@hotmail.com,329761449
45743,Wynell,Dorshorst,94290 S Buchanan St,Pacifica,CA,94044,6504731262,wynell_dorshorst@dorshorst.org,384370892
66702,Quentin,Birkner,7061 N 2nd St,Burnsville,MN,55337,9527027993,qbirkner@aol.com,526641764
66797,Regenia,Kannady,10759 Main St,Scottsdale,AZ,85260,4807261280,regenia.kannady@cox.net,820177740
66819,Sheron,Louissant,97 E 3rd St #9,Long Island City,NY,11101,7189768610,sheron@aol.com,855319672
90332,Izetta,Funnell,82 Winsor St #54,Atlanta,GA,30340,7708443447,izetta.funnell@hotmail.com,868299029
17515,Rodolfo,Butzen,41 Steel Ct,Northfield,MN,55057,5072103510,rodolfo@hotmail.com,878253482
38057,Zona,Colla,49440 Dearborn St,Norwalk,CT,6854,2034611949,zona@hotmail.com,431900805
91130,Serina,Zagen,7 S Beverly Dr,Fort Wayne,IN,46802,2602733725,szagen@aol.com,739371234
18721,Paz,Sahagun,919 Wall Blvd,Meridian,MS,39307,6019278287,paz_sahagun@cox.net,152380149
82436,Markus,Lukasik,89 20th St E #779,Sterling Heights,MI,48310,5869707380,markus@yahoo.com,121387465
23571,Jaclyn,Bachman,721 Interstate 45 S,Colorado Springs,CO,80919,7198533600,jaclyn@aol.com,893937241
48146,Cyril,Daufeldt,3 Lawton St,New York,NY,10013,2127458484,cyril_daufeldt@daufeldt.com,744310571
60672,Gayla,Schnitzler,38 Pleasant Hill Rd,Hayward,CA,94545,5106863407,gschnitzler@gmail.com,454110170
38108,Erick,Nievas,45 E Acacia Ct,Chicago,IL,60624,7737049903,erick_nievas@aol.com,899878664
17434,Jennie,Drymon,63728 Poway Rd #1,Scranton,PA,18509,5702184831,jennie@cox.net,896942556
56736,Mitsue,Scipione,77 222 Dr,Oroville,CA,95965,5309869272,mscipione@scipione.com,473022332
45832,Ciara,Ventura,53 W Carey St,Port Jervis,NY,12771,8458238877,cventura@yahoo.com,507620652
19895,Galen,Cantres,617 Nw 36th Ave,Brook Park,OH,44142,2166006111,galen@yahoo.com,138511611
34426,Truman,Feichtner,539 Coldwater Canyon Ave,Bloomfield,NJ,7003,9738522736,tfeichtner@yahoo.com,207673314
82742,Gail,Kitty,735 Crawford Dr,Anchorage,AK,99501,9074359166,gail@kitty.com,843732800
17712,Dalene,Schoeneck,910 Rahway Ave,Philadelphia,PA,19102,2152681275,dalene@schoeneck.org,649625350
74410,Gertude,Witten,7 Tarrytown Rd,Cincinnati,OH,45217,5139777043,gertude.witten@gmail.com,933135122
11556,Lizbeth,Kohl,35433 Blake St #588,Gardena,CA,90248,3106991222,lizbeth@yahoo.com,364418643
10163,Glenn,Berray,29 Cherry St #7073,Des Moines,IA,50315,5153707348,gberray@gmail.com,609306419
89873,Lashandra,Klang,810 N La Brea Ave,King of Prussia,PA,19406,6108091818,lashandra@yahoo.com,778545030
47315,Lenna,Newville,987 Main St,Raleigh,NC,27601,9196232524,lnewville@newville.com,514359986
14719,Laurel,Pagliuca,36 Enterprise St Se,Richland,WA,99352,5096955199,laurel@yahoo.com,546894447
95668,Mireya,Frerking,8429 Miller Rd,Pelham,NY,10803,9148685965,mireya.frerking@hotmail.com,637243470
48486,Annelle,Tagala,5 W 7th St,Parkville,MD,21234,4107571035,annelle@yahoo.com,170513745
83029,Dean,Ketelsen,2 Flynn Rd,Hicksville,NY,11801,5168474418,dean_ketelsen@gmail.com,744841273
12628,Levi,Munis,2094 Ne 36th Ave,Worcester,MA,1603,5084564907,levi.munis@gmail.com,856133012
22898,Sylvie,Ryser,649 Tulane Ave,Tulsa,OK,74105,9186449555,sylvie@aol.com,195251603
61106,Sharee,Maile,2094 Montour Blvd,Muskegon,MI,49442,2314679978,sharee_maile@aol.com,956228591
91645,Cordelia,Storment,393 Hammond Dr,Lafayette,LA,70506,3375666001,cordelia_storment@aol.com,718264778
19991,Mollie,Mcdoniel,8590 Lake Lizzie Dr,Bowling Green,OH,43402,4199753182,mollie_mcdoniel@yahoo.com,501311395
85550,Brett,Mccullan,87895 Concord Rd,La Mesa,CA,91942,6194619984,brett.mccullan@mccullan.com,169778928
88508,Teddy,Pedrozo,46314 Route 130,Bridgeport,CT,6610,2038923863,teddy_pedrozo@aol.com,691560470
48378,Tasia,Andreason,4 Cowesett Ave,Kearny,NJ,7032,2019209002,tasia_andreason@yahoo.com,537124922
43766,Hubert,Walthall,95 Main Ave #2,Barberton,OH,44203,3309031345,hubert@walthall.org,544782214
59904,Arthur,Farrow,28 S 7th St #2824,Englewood,NJ,7631,2012385688,arthur.farrow@yahoo.com,404266065
42290,Vilma,Berlanga,79 S Howell Ave,Grand Rapids,MI,49546,6167373085,vberlanga@berlanga.com,616720470
72095,Billye,Miro,36 Lancaster Dr Se,Pearl,MS,39208,6015675386,billye_miro@cox.net,572113720
64075,Glenna,Slayton,2759 Livingston Ave,Memphis,TN,38118,9016409178,glenna_slayton@cox.net,346004274
99590,Mitzie,Hudnall,17 Jersey Ave,Englewood,CO,80110,3034021940,mitzie_hudnall@yahoo.com,515064062
62706,Bernardine,Rodefer,2 W Grand Ave,Memphis,TN,38112,9019014726,bernardine_rodefer@yahoo.com,603044738
82341,Staci,Schmaltz,18 Coronado Ave #563,Pasadena,CA,91106,6268662339,staci_schmaltz@aol.com,281107364
26952,Nichelle,Meteer,72 Beechwood Ter,Chicago,IL,60657,7732259985,nichelle_meteer@meteer.com,972053583
54623,Janine,Rhoden,92 Broadway,Astoria,NY,11103,7182285894,jrhoden@yahoo.com,875978469
44251,Ettie,Hoopengardner,39 Franklin Ave,Richland,WA,99352,5097555393,ettie.hoopengardner@hotmail.com,801379384
52479,Eden,Jayson,4 Iwaena St,Baltimore,MD,21202,4108907866,eden_jayson@yahoo.com,115871401
95526,Lynelle,Auber,32820 Corkwood Rd,Newark,NJ,7104,9738608610,lynelle_auber@gmail.com,449578044
39969,Merissa,Tomblin,34 Raritan Center Pky,Bellflower,CA,90706,5625796900,merissa.tomblin@gmail.com,741685341
56101,Golda,Kaniecki,6201 S Nevada Ave,Toms River,NJ,8755,7326289909,golda_kaniecki@yahoo.com,583279826
11006,Catarina,Gleich,78 Maryland Dr #146,Denville,NJ,7834,9732103994,catarina_gleich@hotmail.com,734321533
19238,Virgie,Kiel,76598 Rd  I 95 #1,Denver,CO,80216,3037767548,vkiel@hotmail.com,713774569
31920,Jolene,Ostolaza,1610 14th St Nw,Newport News,VA,23608,7576827116,jolene@yahoo.com,759106033
12730,Keneth,Borgman,86350 Roszel Rd,Phoenix,AZ,85012,6029194211,keneth@yahoo.com,289590475
13211,Rikki,Nayar,1644 Clove Rd,Miami,FL,33155,3059689487,rikki@nayar.com,118406235
86704,Elke,Sengbusch,9 W Central Ave,Phoenix,AZ,85013,6028962993,elke_sengbusch@yahoo.com,590810852
96759,Hoa,Sarao,27846 Lafayette Ave,Oak Hill,FL,32759,3865267800,hoa@sarao.org,837328779
81651,Trinidad,Mcrae,10276 Brooks St,San Francisco,CA,94105,4153319634,trinidad_mcrae@yahoo.com,256096377
80648,Mari,Lueckenbach,1 Century Park E,San Diego,CA,92110,8587939684,mari_lueckenbach@yahoo.com,983824690
58779,Selma,Husser,9 State Highway 57 #22,Jersey City,NJ,7306,2019918369,selma.husser@cox.net,629892835
41895,Antione,Onofrio,4 S Washington Ave,San Bernardino,CA,92410,9094307765,aonofrio@onofrio.com,248141537
44256,Luisa,Jurney,25 Se 176th Pl,Cambridge,MA,2138,6173652134,ljurney@hotmail.com,397599744
81142,Clorinda,Heimann,105 Richmond Valley Rd,Escondido,CA,92025,7602915497,clorinda.heimann@hotmail.com,990710219
81144,Dick,Wenzinger,22 Spruce St #595,Gardena,CA,90248,3105109713,dick@yahoo.com,823133511
47929,Ahmed,Angalich,2 W Beverly Blvd,Harrisburg,PA,17110,7175288996,ahmed.angalich@angalich.com,610393877
19020,Iluminada,Ohms,72 Southern Blvd,Mesa,AZ,85204,4802932882,iluminada.ohms@yahoo.com,763416737
91985,Joanna,Leinenbach,1 Washington St,Lake Worth,FL,33461,5614704574,joanna_leinenbach@hotmail.com,905080469
65045,Caprice,Suell,90177 N 55th Ave,Nashville,TN,37211,6152461824,caprice@aol.com,228919057
21662,Stephane,Myricks,9 Tower Ave,Burlington,KY,41005,8597177638,stephane_myricks@cox.net,966037108
78089,Quentin,Swayze,278 Bayview Ave,Milan,MI,48160,7345616170,quentin_swayze@yahoo.com,890345988
92907,Annmarie,Castros,80312 W 32nd St,Conroe,TX,77301,9367517961,annmarie_castros@gmail.com,796433399
89892,Shonda,Greenbush,82 Us Highway 46,Clifton,NJ,7011,9734822430,shonda_greenbush@cox.net,497556222
51180,Cecil,Lapage,4 Stovall St #72,Union City,NJ,7087,2016933967,clapage@lapage.com,341002226
50676,Jeanice,Claucherty,19 Amboy Ave,Miami,FL,33142,3059884162,jeanice.claucherty@yahoo.com,827586006
26091,Josphine,Villanueva,63 Smith Ln #8343,Moss,TN,38575,9315539774,josphine_villanueva@villanueva.com,794242534
63820,Daniel,Perruzza,11360 S Halsted St,Santa Ana,CA,92705,7147713880,dperruzza@perruzza.com,320147195
59597,Cassi,Wildfong,26849 Jefferson Hwy,Rolling Meadows,IL,60008,8476333216,cassi.wildfong@aol.com,531220225
43955,Britt,Galam,2500 Pringle Rd Se #508,Hatfield,PA,19440,2158883304,britt@galam.org,417489199
83728,Adell,Lipkin,65 Mountain View Dr,Whippany,NJ,7981,9736541561,adell.lipkin@lipkin.com,951900038
52609,Jacqueline,Rowling,1 N San Saba,Erie,PA,16501,8148658113,jacqueline.rowling@yahoo.com,150643172
24172,Lonny,Weglarz,51120 State Route 18,Salt Lake City,UT,84115,8012939853,lonny_weglarz@gmail.com,488684409
80510,Lonna,Diestel,1482 College Ave,Fayetteville,NC,28301,9109223672,lonna_diestel@gmail.com,701567502
66727,Cristal,Samara,4119 Metropolitan Dr,Los Angeles,CA,90021,2139758026,cristal@cox.net,736433746
72988,Kenneth,Grenet,2167 Sierra Rd,East Lansing,MI,48823,5174992322,kenneth.grenet@grenet.org,205080484
39844,Elli,Mclaird,6 Sunrise Ave,Utica,NY,13501,3158182638,emclaird@mclaird.com,930433118
77330,Alline,Jeanty,55713 Lake City Hwy,South Bend,IN,46601,5746562800,ajeanty@gmail.com,305106034
90249,Sharika,Eanes,75698 N Fiesta Blvd,Orlando,FL,32806,4073121691,sharika.eanes@aol.com,103280604
36796,Nu,Mcnease,88 Sw 28th Ter,Harrison,NJ,7029,9737519003,nu@gmail.com,274121252
19789,Daniela,Comnick,7 Flowers Rd #403,Trenton,NJ,8611,6092008577,dcomnick@cox.net,781592104
98950,Cecilia,Colaizzo,4 Nw 12th St #3849,Madison,WI,53717,6083824541,cecilia_colaizzo@colaizzo.com,385948014
51841,Leslie,Threets,2 A Kelley Dr,Katonah,NY,10536,9148619748,leslie@cox.net,112371336
98911,Nan,Koppinger,88827 Frankford Ave,Greensboro,NC,27401,3363705333,nan@koppinger.com,598743001
35773,Izetta,Dewar,2 W Scyene Rd #3,Baltimore,MD,21217,4104731708,idewar@dewar.com,275595280
69457,Tegan,Arceo,62260 Park Stre,Monroe Township,NJ,8831,7327302692,tegan.arceo@arceo.org,293365443
52162,Ruthann,Keener,3424 29th St Se,Kerrville,TX,78028,8302582769,ruthann@hotmail.com,822990815
12986,Joni,Breland,35 E Main St #43,Elk Grove Village,IL,60007,8475195906,joni_breland@cox.net,378407893
73133,Vi,Rentfro,7163 W Clark Rd,Freehold,NJ,7728,7326054781,vrentfro@cox.net,722079589
28244,Colette,Kardas,21575 S Apple Creek Rd,Omaha,NE,68124,4028965943,colette.kardas@yahoo.com,378870016
33479,Malcolm,Tromblay,747 Leonis Blvd,Annandale,VA,22003,7032215602,malcolm_tromblay@cox.net,675324358
26106,Ryan,Harnos,13 Gunnison St,Plano,TX,75075,9725581665,ryan@cox.net,486705751
66224,Jess,Chaffins,18 3rd Ave,New York,NY,10016,2125104633,jess.chaffins@chaffins.org,133618057
30904,Sharen,Bourbon,62 W Austin St,Syosset,NY,11791,5168161541,sbourbon@yahoo.com,526274350
17213,Nickolas,Juvera,177 S Rider Trl #52,Crystal River,FL,34429,3525988301,nickolas_juvera@cox.net,879032771
73090,Gary,Nunlee,2 W Mount Royal Ave,Fortville,IN,46040,3175426023,gary_nunlee@nunlee.org,917341583
87684,Diane,Devreese,1953 Telegraph Rd,Saint Joseph,MO,64504,8165579673,diane@cox.net,342695117
48264,Roslyn,Chavous,63517 Dupont St,Jackson,MS,39211,6012349632,roslyn.chavous@chavous.org,232083864
30190,Glory,Schieler,5 E Truman Rd,Abilene,TX,79602,3258692649,glory@yahoo.com,709294917
30014,Rasheeda,Sayaphon,251 Park Ave #979,Saratoga,CA,95070,4088054309,rasheeda@aol.com,214808398
62710,Alpha,Palaia,43496 Commercial Dr #29,Cherry Hill,NJ,8003,8563122629,alpha@yahoo.com,426451635
17890,Refugia,Jacobos,2184 Worth St,Hayward,CA,94545,5109748671,refugia.jacobos@jacobos.com,725366190
60031,Shawnda,Yori,50126 N Plankinton Ave,Longwood,FL,32750,4075385106,shawnda.yori@yahoo.com,116246045
66946,Mona,Delasancha,38773 Gravois Ave,Cheyenne,WY,82001,3074031488,mdelasancha@hotmail.com,162405701
94952,Gilma,Liukko,16452 Greenwich St,Garden City,NY,11530,5163939967,gilma_liukko@gmail.com,489888524
96953,Janey,Gabisi,40 Cambridge Ave,Madison,WI,53715,6089677194,jgabisi@hotmail.com,597664204
91282,Lili,Paskin,20113 4th Ave E,Kearny,NJ,7032,2014312989,lili.paskin@cox.net,913655448
64915,Loren,Asar,6 Ridgewood Center Dr,Old Forge,PA,18518,5706483035,loren.asar@aol.com,357850809
41914,Dorothy,Chesterfield,469 Outwater Ln,San Diego,CA,92126,8586177834,dorothy@cox.net,509180620
53693,Gail,Similton,62 Monroe St,Thousand Palms,CA,92276,7606165388,gail_similton@similton.com,963328999
15102,Catalina,Tillotson,3338 A Lockport Pl #6,Margate City,NJ,8402,6093733332,catalina@hotmail.com,949384504
29726,Lawrence,Lorens,9 Hwy,Providence,RI,2906,4014656432,lawrence.lorens@hotmail.com,466403666
91830,Carlee,Boulter,8284 Hart St,Abilene,KS,67410,7853471805,carlee.boulter@hotmail.com,485980171
50308,Thaddeus,Ankeny,5 Washington St #1,Roseville,CA,95678,9169203571,tankeny@ankeny.org,611818180
21989,Jovita,Oles,8 S Haven St,Daytona Beach,FL,32114,3862484118,joles@gmail.com,189227548
79601,Alesia,Hixenbaugh,9 Front St,Washington,DC,20001,2026467516,alesia_hixenbaugh@hixenbaugh.org,501479971
66549,Lai,Harabedian,1933 Packer Ave #2,Novato,CA,94945,4154233294,lai@gmail.com,286973964
18308,Brittni,Gillaspie,67 Rv Cent,Boise,ID,83709,2087091235,bgillaspie@gillaspie.com,612020278
72263,Raylene,Kampa,2 Sw Nyberg Rd,Elkhart,IN,46514,5744991454,rkampa@kampa.org,853642351
43159,Flo,Bookamer,89992 E 15th St,Alliance,NE,69301,3087262182,flo.bookamer@cox.net,717206113
30756,Jani,Biddy,61556 W 20th Ave,Seattle,WA,98104,2067116498,jbiddy@yahoo.com,192641073
97784,Chauncey,Motley,63 E Aurora Dr,Orlando,FL,32804,4074134842,chauncey_motley@aol.com,548374969